taxonomy_version,category_type,year,category,label,short_label,supergroup,display_order,paper_count,count,share_of_papers
0.3,domain_tag,2013,objects_shapes,Objects & Shapes,Objects & Shapes,,1,56,25,0.446429
0.3,domain_tag,2013,indoor_scenes,Indoor Scenes,Indoor Scenes,,2,56,4,0.071429
0.3,domain_tag,2013,outdoor_urban_autonomous,"Outdoor, Urban & Autonomous","Outdoor, Urban & Autonomous",,3,56,7,0.125
0.3,domain_tag,2013,humans_faces_hands,"Humans, Faces & Hands","Humans, Faces & Hands",,4,56,19,0.339286
0.3,domain_tag,2013,robotics_embodied,Robotics & Embodied,Robotics & Embodied,,5,56,4,0.071429
0.3,domain_tag,2013,medical_biological,Medical & Biological,Medical & Biological,,6,56,0,0.0
0.3,domain_tag,2013,heritage_archaeology,Cultural Heritage & Archaeology,Cultural Heritage & Archaeology,,7,56,19,0.339286
0.3,domain_tag,2013,aerial_remote_sensing,Aerial & Remote Sensing,Aerial & Remote Sensing,,8,56,14,0.25
0.3,domain_tag,2013,specialized_industrial_sports,"Industrial, Sports & Specialized","Industrial, Sports & Specialized",,9,56,15,0.267857
0.3,domain_tag,2013,xr_spatial_computing,XR & Spatial Computing,XR & Spatial Computing,,10,56,5,0.089286
0.3,domain_tag,2014,objects_shapes,Objects & Shapes,Objects & Shapes,,1,105,49,0.466667
0.3,domain_tag,2014,indoor_scenes,Indoor Scenes,Indoor Scenes,,2,105,10,0.095238
0.3,domain_tag,2014,outdoor_urban_autonomous,"Outdoor, Urban & Autonomous","Outdoor, Urban & Autonomous",,3,105,11,0.104762
0.3,domain_tag,2014,humans_faces_hands,"Humans, Faces & Hands","Humans, Faces & Hands",,4,105,13,0.12381
0.3,domain_tag,2014,robotics_embodied,Robotics & Embodied,Robotics & Embodied,,5,105,8,0.07619
0.3,domain_tag,2014,medical_biological,Medical & Biological,Medical & Biological,,6,105,7,0.066667
0.3,domain_tag,2014,heritage_archaeology,Cultural Heritage & Archaeology,Cultural Heritage & Archaeology,,7,105,32,0.304762
0.3,domain_tag,2014,aerial_remote_sensing,Aerial & Remote Sensing,Aerial & Remote Sensing,,8,105,19,0.180952
0.3,domain_tag,2014,specialized_industrial_sports,"Industrial, Sports & Specialized","Industrial, Sports & Specialized",,9,105,18,0.171429
0.3,domain_tag,2014,xr_spatial_computing,XR & Spatial Computing,XR & Spatial Computing,,10,105,1,0.009524
0.3,domain_tag,2015,objects_shapes,Objects & Shapes,Objects & Shapes,,1,74,35,0.472973
0.3,domain_tag,2015,indoor_scenes,Indoor Scenes,Indoor Scenes,,2,74,4,0.054054
0.3,domain_tag,2015,outdoor_urban_autonomous,"Outdoor, Urban & Autonomous","Outdoor, Urban & Autonomous",,3,74,15,0.202703
0.3,domain_tag,2015,humans_faces_hands,"Humans, Faces & Hands","Humans, Faces & Hands",,4,74,9,0.121622
0.3,domain_tag,2015,robotics_embodied,Robotics & Embodied,Robotics & Embodied,,5,74,3,0.040541
0.3,domain_tag,2015,medical_biological,Medical & Biological,Medical & Biological,,6,74,6,0.081081
0.3,domain_tag,2015,heritage_archaeology,Cultural Heritage & Archaeology,Cultural Heritage & Archaeology,,7,74,22,0.297297
0.3,domain_tag,2015,aerial_remote_sensing,Aerial & Remote Sensing,Aerial & Remote Sensing,,8,74,19,0.256757
0.3,domain_tag,2015,specialized_industrial_sports,"Industrial, Sports & Specialized","Industrial, Sports & Specialized",,9,74,12,0.162162
0.3,domain_tag,2015,xr_spatial_computing,XR & Spatial Computing,XR & Spatial Computing,,10,74,4,0.054054
0.3,domain_tag,2016,objects_shapes,Objects & Shapes,Objects & Shapes,,1,75,34,0.453333
0.3,domain_tag,2016,indoor_scenes,Indoor Scenes,Indoor Scenes,,2,75,3,0.04
0.3,domain_tag,2016,outdoor_urban_autonomous,"Outdoor, Urban & Autonomous","Outdoor, Urban & Autonomous",,3,75,10,0.133333
0.3,domain_tag,2016,humans_faces_hands,"Humans, Faces & Hands","Humans, Faces & Hands",,4,75,23,0.306667
0.3,domain_tag,2016,robotics_embodied,Robotics & Embodied,Robotics & Embodied,,5,75,8,0.106667
0.3,domain_tag,2016,medical_biological,Medical & Biological,Medical & Biological,,6,75,5,0.066667
0.3,domain_tag,2016,heritage_archaeology,Cultural Heritage & Archaeology,Cultural Heritage & Archaeology,,7,75,19,0.253333
0.3,domain_tag,2016,aerial_remote_sensing,Aerial & Remote Sensing,Aerial & Remote Sensing,,8,75,6,0.08
0.3,domain_tag,2016,specialized_industrial_sports,"Industrial, Sports & Specialized","Industrial, Sports & Specialized",,9,75,10,0.133333
0.3,domain_tag,2016,xr_spatial_computing,XR & Spatial Computing,XR & Spatial Computing,,10,75,1,0.013333
0.3,domain_tag,2017,objects_shapes,Objects & Shapes,Objects & Shapes,,1,73,29,0.39726
0.3,domain_tag,2017,indoor_scenes,Indoor Scenes,Indoor Scenes,,2,73,8,0.109589
0.3,domain_tag,2017,outdoor_urban_autonomous,"Outdoor, Urban & Autonomous","Outdoor, Urban & Autonomous",,3,73,14,0.191781
0.3,domain_tag,2017,humans_faces_hands,"Humans, Faces & Hands","Humans, Faces & Hands",,4,73,13,0.178082
0.3,domain_tag,2017,robotics_embodied,Robotics & Embodied,Robotics & Embodied,,5,73,12,0.164384
0.3,domain_tag,2017,medical_biological,Medical & Biological,Medical & Biological,,6,73,0,0.0
0.3,domain_tag,2017,heritage_archaeology,Cultural Heritage & Archaeology,Cultural Heritage & Archaeology,,7,73,19,0.260274
0.3,domain_tag,2017,aerial_remote_sensing,Aerial & Remote Sensing,Aerial & Remote Sensing,,8,73,10,0.136986
0.3,domain_tag,2017,specialized_industrial_sports,"Industrial, Sports & Specialized","Industrial, Sports & Specialized",,9,73,10,0.136986
0.3,domain_tag,2017,xr_spatial_computing,XR & Spatial Computing,XR & Spatial Computing,,10,73,3,0.041096
0.3,domain_tag,2018,objects_shapes,Objects & Shapes,Objects & Shapes,,1,81,40,0.493827
0.3,domain_tag,2018,indoor_scenes,Indoor Scenes,Indoor Scenes,,2,81,7,0.08642
0.3,domain_tag,2018,outdoor_urban_autonomous,"Outdoor, Urban & Autonomous","Outdoor, Urban & Autonomous",,3,81,9,0.111111
0.3,domain_tag,2018,humans_faces_hands,"Humans, Faces & Hands","Humans, Faces & Hands",,4,81,22,0.271605
0.3,domain_tag,2018,robotics_embodied,Robotics & Embodied,Robotics & Embodied,,5,81,6,0.074074
0.3,domain_tag,2018,medical_biological,Medical & Biological,Medical & Biological,,6,81,3,0.037037
0.3,domain_tag,2018,heritage_archaeology,Cultural Heritage & Archaeology,Cultural Heritage & Archaeology,,7,81,21,0.259259
0.3,domain_tag,2018,aerial_remote_sensing,Aerial & Remote Sensing,Aerial & Remote Sensing,,8,81,8,0.098765
0.3,domain_tag,2018,specialized_industrial_sports,"Industrial, Sports & Specialized","Industrial, Sports & Specialized",,9,81,20,0.246914
0.3,domain_tag,2018,xr_spatial_computing,XR & Spatial Computing,XR & Spatial Computing,,10,81,3,0.037037
0.3,domain_tag,2019,objects_shapes,Objects & Shapes,Objects & Shapes,,1,79,39,0.493671
0.3,domain_tag,2019,indoor_scenes,Indoor Scenes,Indoor Scenes,,2,79,10,0.126582
0.3,domain_tag,2019,outdoor_urban_autonomous,"Outdoor, Urban & Autonomous","Outdoor, Urban & Autonomous",,3,79,16,0.202532
0.3,domain_tag,2019,humans_faces_hands,"Humans, Faces & Hands","Humans, Faces & Hands",,4,79,23,0.291139
0.3,domain_tag,2019,robotics_embodied,Robotics & Embodied,Robotics & Embodied,,5,79,11,0.139241
0.3,domain_tag,2019,medical_biological,Medical & Biological,Medical & Biological,,6,79,4,0.050633
0.3,domain_tag,2019,heritage_archaeology,Cultural Heritage & Archaeology,Cultural Heritage & Archaeology,,7,79,18,0.227848
0.3,domain_tag,2019,aerial_remote_sensing,Aerial & Remote Sensing,Aerial & Remote Sensing,,8,79,5,0.063291
0.3,domain_tag,2019,specialized_industrial_sports,"Industrial, Sports & Specialized","Industrial, Sports & Specialized",,9,79,14,0.177215
0.3,domain_tag,2019,xr_spatial_computing,XR & Spatial Computing,XR & Spatial Computing,,10,79,5,0.063291
0.3,domain_tag,2020,objects_shapes,Objects & Shapes,Objects & Shapes,,1,123,73,0.593496
0.3,domain_tag,2020,indoor_scenes,Indoor Scenes,Indoor Scenes,,2,123,9,0.073171
0.3,domain_tag,2020,outdoor_urban_autonomous,"Outdoor, Urban & Autonomous","Outdoor, Urban & Autonomous",,3,123,13,0.105691
0.3,domain_tag,2020,humans_faces_hands,"Humans, Faces & Hands","Humans, Faces & Hands",,4,123,36,0.292683
0.3,domain_tag,2020,robotics_embodied,Robotics & Embodied,Robotics & Embodied,,5,123,13,0.105691
0.3,domain_tag,2020,medical_biological,Medical & Biological,Medical & Biological,,6,123,4,0.03252
0.3,domain_tag,2020,heritage_archaeology,Cultural Heritage & Archaeology,Cultural Heritage & Archaeology,,7,123,25,0.203252
0.3,domain_tag,2020,aerial_remote_sensing,Aerial & Remote Sensing,Aerial & Remote Sensing,,8,123,12,0.097561
0.3,domain_tag,2020,specialized_industrial_sports,"Industrial, Sports & Specialized","Industrial, Sports & Specialized",,9,123,25,0.203252
0.3,domain_tag,2020,xr_spatial_computing,XR & Spatial Computing,XR & Spatial Computing,,10,123,8,0.065041
0.3,domain_tag,2021,objects_shapes,Objects & Shapes,Objects & Shapes,,1,141,84,0.595745
0.3,domain_tag,2021,indoor_scenes,Indoor Scenes,Indoor Scenes,,2,141,10,0.070922
0.3,domain_tag,2021,outdoor_urban_autonomous,"Outdoor, Urban & Autonomous","Outdoor, Urban & Autonomous",,3,141,27,0.191489
0.3,domain_tag,2021,humans_faces_hands,"Humans, Faces & Hands","Humans, Faces & Hands",,4,141,61,0.432624
0.3,domain_tag,2021,robotics_embodied,Robotics & Embodied,Robotics & Embodied,,5,141,14,0.099291
0.3,domain_tag,2021,medical_biological,Medical & Biological,Medical & Biological,,6,141,8,0.056738
0.3,domain_tag,2021,heritage_archaeology,Cultural Heritage & Archaeology,Cultural Heritage & Archaeology,,7,141,20,0.141844
0.3,domain_tag,2021,aerial_remote_sensing,Aerial & Remote Sensing,Aerial & Remote Sensing,,8,141,13,0.092199
0.3,domain_tag,2021,specialized_industrial_sports,"Industrial, Sports & Specialized","Industrial, Sports & Specialized",,9,141,27,0.191489
0.3,domain_tag,2021,xr_spatial_computing,XR & Spatial Computing,XR & Spatial Computing,,10,141,6,0.042553
0.3,domain_tag,2022,objects_shapes,Objects & Shapes,Objects & Shapes,,1,71,47,0.661972
0.3,domain_tag,2022,indoor_scenes,Indoor Scenes,Indoor Scenes,,2,71,9,0.126761
0.3,domain_tag,2022,outdoor_urban_autonomous,"Outdoor, Urban & Autonomous","Outdoor, Urban & Autonomous",,3,71,10,0.140845
0.3,domain_tag,2022,humans_faces_hands,"Humans, Faces & Hands","Humans, Faces & Hands",,4,71,37,0.521127
0.3,domain_tag,2022,robotics_embodied,Robotics & Embodied,Robotics & Embodied,,5,71,10,0.140845
0.3,domain_tag,2022,medical_biological,Medical & Biological,Medical & Biological,,6,71,2,0.028169
0.3,domain_tag,2022,heritage_archaeology,Cultural Heritage & Archaeology,Cultural Heritage & Archaeology,,7,71,10,0.140845
0.3,domain_tag,2022,aerial_remote_sensing,Aerial & Remote Sensing,Aerial & Remote Sensing,,8,71,7,0.098592
0.3,domain_tag,2022,specialized_industrial_sports,"Industrial, Sports & Specialized","Industrial, Sports & Specialized",,9,71,17,0.239437
0.3,domain_tag,2022,xr_spatial_computing,XR & Spatial Computing,XR & Spatial Computing,,10,71,1,0.014085
0.3,domain_tag,2024,objects_shapes,Objects & Shapes,Objects & Shapes,,1,154,110,0.714286
0.3,domain_tag,2024,indoor_scenes,Indoor Scenes,Indoor Scenes,,2,154,19,0.123377
0.3,domain_tag,2024,outdoor_urban_autonomous,"Outdoor, Urban & Autonomous","Outdoor, Urban & Autonomous",,3,154,20,0.12987
0.3,domain_tag,2024,humans_faces_hands,"Humans, Faces & Hands","Humans, Faces & Hands",,4,154,65,0.422078
0.3,domain_tag,2024,robotics_embodied,Robotics & Embodied,Robotics & Embodied,,5,154,18,0.116883
0.3,domain_tag,2024,medical_biological,Medical & Biological,Medical & Biological,,6,154,11,0.071429
0.3,domain_tag,2024,heritage_archaeology,Cultural Heritage & Archaeology,Cultural Heritage & Archaeology,,7,154,27,0.175325
0.3,domain_tag,2024,aerial_remote_sensing,Aerial & Remote Sensing,Aerial & Remote Sensing,,8,154,25,0.162338
0.3,domain_tag,2024,specialized_industrial_sports,"Industrial, Sports & Specialized","Industrial, Sports & Specialized",,9,154,31,0.201299
0.3,domain_tag,2024,xr_spatial_computing,XR & Spatial Computing,XR & Spatial Computing,,10,154,8,0.051948
0.3,domain_tag,2025,objects_shapes,Objects & Shapes,Objects & Shapes,,1,142,79,0.556338
0.3,domain_tag,2025,indoor_scenes,Indoor Scenes,Indoor Scenes,,2,142,12,0.084507
0.3,domain_tag,2025,outdoor_urban_autonomous,"Outdoor, Urban & Autonomous","Outdoor, Urban & Autonomous",,3,142,20,0.140845
0.3,domain_tag,2025,humans_faces_hands,"Humans, Faces & Hands","Humans, Faces & Hands",,4,142,61,0.429577
0.3,domain_tag,2025,robotics_embodied,Robotics & Embodied,Robotics & Embodied,,5,142,16,0.112676
0.3,domain_tag,2025,medical_biological,Medical & Biological,Medical & Biological,,6,142,11,0.077465
0.3,domain_tag,2025,heritage_archaeology,Cultural Heritage & Archaeology,Cultural Heritage & Archaeology,,7,142,25,0.176056
0.3,domain_tag,2025,aerial_remote_sensing,Aerial & Remote Sensing,Aerial & Remote Sensing,,8,142,15,0.105634
0.3,domain_tag,2025,specialized_industrial_sports,"Industrial, Sports & Specialized","Industrial, Sports & Specialized",,9,142,31,0.21831
0.3,domain_tag,2025,xr_spatial_computing,XR & Spatial Computing,XR & Spatial Computing,,10,142,17,0.119718
0.3,domain_tag,2026,objects_shapes,Objects & Shapes,Objects & Shapes,,1,177,85,0.480226
0.3,domain_tag,2026,indoor_scenes,Indoor Scenes,Indoor Scenes,,2,177,13,0.073446
0.3,domain_tag,2026,outdoor_urban_autonomous,"Outdoor, Urban & Autonomous","Outdoor, Urban & Autonomous",,3,177,17,0.096045
0.3,domain_tag,2026,humans_faces_hands,"Humans, Faces & Hands","Humans, Faces & Hands",,4,177,76,0.429379
0.3,domain_tag,2026,robotics_embodied,Robotics & Embodied,Robotics & Embodied,,5,177,26,0.146893
0.3,domain_tag,2026,medical_biological,Medical & Biological,Medical & Biological,,6,177,10,0.056497
0.3,domain_tag,2026,heritage_archaeology,Cultural Heritage & Archaeology,Cultural Heritage & Archaeology,,7,177,14,0.079096
0.3,domain_tag,2026,aerial_remote_sensing,Aerial & Remote Sensing,Aerial & Remote Sensing,,8,177,7,0.039548
0.3,domain_tag,2026,specialized_industrial_sports,"Industrial, Sports & Specialized","Industrial, Sports & Specialized",,9,177,45,0.254237
0.3,domain_tag,2026,xr_spatial_computing,XR & Spatial Computing,XR & Spatial Computing,,10,177,28,0.158192
